raceID,name,year,winner,round_count,round_elected,round_eliminated,round_01_vote,round_02_vote,round_03_vote,round_04_vote,round_05_vote,round_06_vote,round_07_vote,round_08_vote,round_09_vote,round_10_vote,round_11_vote,round_12_vote,round_13_vote,round_14_vote,round_15_vote
NewYorkCity_20210622_DEMCouncilMember26thCouncilDistrict,Julie Won,2021,True,15,15.0,,3306,3311,3325,3345,3432,3529,3621,3697,3918,4396,4605,4827,5241,6014,6822
NewYorkCity_20210622_DEMCouncilMember26thCouncilDistrict,Amit S. Bagga,2021,False,15,,15.0,3138,3138,3161,3179,3245,3369,3426,3500,3681,3816,4088,4189,4373,4699,5211
NewYorkCity_20210622_DEMCouncilMember26thCouncilDistrict,Brent O'Leary,2021,False,15,,14.0,1747,1751,1762,1783,1856,1898,1983,2031,2115,2186,2261,2597,2803,3150,
NewYorkCity_20210622_DEMCouncilMember26thCouncilDistrict,Julia L. Forman,2021,False,15,,13.0,1513,1517,1531,1560,1588,1646,1737,1824,1951,2081,2214,2416,2705,,
NewYorkCity_20210622_DEMCouncilMember26thCouncilDistrict,Denise M. Keehan-Smith,2021,False,15,,11.0,1225,1227,1232,1239,1273,1290,1342,1390,1419,1472,1533,,,,
NewYorkCity_20210622_DEMCouncilMember26thCouncilDistrict,Ebony R. Young,2021,False,15,,12.0,1145,1146,1155,1180,1213,1248,1286,1365,1448,1531,1641,1807,,,
NewYorkCity_20210622_DEMCouncilMember26thCouncilDistrict,Badrun Khan,2021,False,15,,10.0,1038,1039,1166,1176,1195,1214,1231,1254,1286,1340,,,,,
NewYorkCity_20210622_DEMCouncilMember26thCouncilDistrict,Hailie Kim,2021,False,15,,9.0,912,913,921,927,948,991,1046,1076,1166,,,,,,
NewYorkCity_20210622_DEMCouncilMember26thCouncilDistrict,Jonathan Bailey,2021,False,15,,8.0,801,801,806,836,869,906,955,1002,,,,,,,
NewYorkCity_20210622_DEMCouncilMember26thCouncilDistrict,Emily E. Sharpe,2021,False,15,,6.0,624,627,631,634,650,679,,,,,,,,,
NewYorkCity_20210622_DEMCouncilMember26thCouncilDistrict,Glennis E. Gomez,2021,False,15,,7.0,622,624,627,678,699,713,733,,,,,,,,
NewYorkCity_20210622_DEMCouncilMember26thCouncilDistrict,Jesse Laymon,2021,False,15,,5.0,570,570,579,591,609,,,,,,,,,,
NewYorkCity_20210622_DEMCouncilMember26thCouncilDistrict,Steven B. Raga,2021,False,15,,4.0,546,547,556,570,,,,,,,,,,,
NewYorkCity_20210622_DEMCouncilMember26thCouncilDistrict,Lorenzo Brea,2021,False,15,,3.0,366,366,368,,,,,,,,,,,,
NewYorkCity_20210622_DEMCouncilMember26thCouncilDistrict,Sultan Al Maruf,2021,False,15,,2.0,294,295,,,,,,,,,,,,,
NewYorkCity_20210622_DEMCouncilMember26thCouncilDistrict,Write-ins,2021,False,15,,1.0,46,,,,,,,,,,,,,,
NewYorkCity_20210622_DEMCouncilMember26thCouncilDistrict,Inactive ballots,2021,False,15,,,0,21,73,195,316,410,533,754,909,1071,1551,2057,2771,4030,5860
NewYorkCity_20210622_DEMCouncilMember27thCouncilDistrict,Nantasha M. Williams,2021,True,12,10.0,,7345,7351,7386,7477,7558,7681,7972,8380,8938,9518,10424,11810,,,
NewYorkCity_20210622_DEMCouncilMember27thCouncilDistrict,James J. Johnson,2021,False,12,,10.0,2310,2313,2324,2377,2430,2520,2682,2821,3062,3410,3759,4387,,,
NewYorkCity_20210622_DEMCouncilMember27thCouncilDistrict,Rene A. Hill,2021,False,12,,10.0,2017,2018,2039,2070,2101,2192,2309,2501,2758,3040,3391,,,,
NewYorkCity_20210622_DEMCouncilMember27thCouncilDistrict,Al-Hassan Kanu,2021,False,12,,9.0,1662,1662,1665,1680,1702,1726,1817,1896,2008,,,,,,
NewYorkCity_20210622_DEMCouncilMember27thCouncilDistrict,Jason Myles Clark,2021,False,12,,10.0,1589,1591,1615,1643,1680,1746,1859,1960,2097,2257,,,,,
NewYorkCity_20210622_DEMCouncilMember27thCouncilDistrict,Marie M. Adam-Ovide,2021,False,12,,8.0,1497,1499,1517,1540,1563,1606,1691,1851,,,,,,,
NewYorkCity_20210622_DEMCouncilMember27thCouncilDistrict,Kerryanne C. Burke,2021,False,12,,7.0,1150,1153,1156,1181,1206,1249,1318,,,,,,,,
NewYorkCity_20210622_DEMCouncilMember27thCouncilDistrict,Harold C. Miller Jr.,2021,False,12,,6.0,1073,1075,1081,1092,1135,1205,,,,,,,,,
NewYorkCity_20210622_DEMCouncilMember27thCouncilDistrict,Anthony Rivers,2021,False,12,,5.0,651,654,667,690,715,,,,,,,,,,
NewYorkCity_20210622_DEMCouncilMember27thCouncilDistrict,Leroy Gadsden,2021,False,12,,4.0,434,434,437,451,,,,,,,,,,,
NewYorkCity_20210622_DEMCouncilMember27thCouncilDistrict,Jermaine Sean Smith,2021,False,12,,3.0,408,409,423,,,,,,,,,,,,
NewYorkCity_20210622_DEMCouncilMember27thCouncilDistrict,Linda Guillebeaux,2021,False,12,,2.0,200,200,,,,,,,,,,,,,
NewYorkCity_20210622_DEMCouncilMember27thCouncilDistrict,Write-ins,2021,False,12,,1.0,42,,,,,,,,,,,,,,
NewYorkCity_20210622_DEMCouncilMember27thCouncilDistrict,Inactive ballots,2021,False,12,,,0,19,68,177,288,453,730,969,1515,2153,2804,4181,,,
NewYorkCity_20210622_DEMCouncilMember7thCouncilDistrict,Shaun Abreu,2021,True,12,11.0,,6214,6219,6249,6316,6410,6460,6644,6813,7436,8092,9215,10491,,,
NewYorkCity_20210622_DEMCouncilMember7thCouncilDistrict,Marti Gould Allen-Cummings,2021,False,12,,9.0,2673,2675,2696,2720,2735,2744,2813,2904,2973,,,,,,
NewYorkCity_20210622_DEMCouncilMember7thCouncilDistrict,Maria Ordonez,2021,False,12,,11.0,2600,2607,2694,2742,2853,2942,3239,3344,3645,4522,5016,6165,,,
NewYorkCity_20210622_DEMCouncilMember7thCouncilDistrict,Daniel M. Cohen,2021,False,12,,10.0,2576,2582,2599,2645,2679,2693,2788,2916,2991,3393,,,,,
NewYorkCity_20210622_DEMCouncilMember7thCouncilDistrict,Stacy R. Lynch,2021,False,12,,11.0,2397,2404,2436,2478,2548,2649,2766,3047,3164,3537,4180,,,,
NewYorkCity_20210622_DEMCouncilMember7thCouncilDistrict,Luis Tejada,2021,False,12,,8.0,2147,2149,2173,2199,2297,2392,2515,2605,,,,,,,
NewYorkCity_20210622_DEMCouncilMember7thCouncilDistrict,Keith L. Harris,2021,False,12,,7.0,1142,1146,1159,1192,1240,1285,1375,,,,,,,,
NewYorkCity_20210622_DEMCouncilMember7thCouncilDistrict,Corey Ortega,2021,False,12,,6.0,956,958,976,1012,1064,1283,,,,,,,,,
NewYorkCity_20210622_DEMCouncilMember7thCouncilDistrict,Miguel Estrella,2021,False,12,,5.0,785,788,798,824,860,,,,,,,,,,
NewYorkCity_20210622_DEMCouncilMember7thCouncilDistrict,Carmen R. Quinones,2021,False,12,,4.0,743,747,785,818,,,,,,,,,,,
NewYorkCity_20210622_DEMCouncilMember7thCouncilDistrict,Raymond Sanchez Jr.,2021,False,12,,3.0,492,493,502,,,,,,,,,,,,
NewYorkCity_20210622_DEMCouncilMember7thCouncilDistrict,Lena Melendez,2021,False,12,,2.0,391,392,,,,,,,,,,,,,
NewYorkCity_20210622_DEMCouncilMember7thCouncilDistrict,Write-ins,2021,False,12,,1.0,73,,,,,,,,,,,,,,
NewYorkCity_20210622_DEMCouncilMember7thCouncilDistrict,Inactive ballots,2021,False,12,,,0,29,122,243,503,741,1049,1560,2980,3645,4778,6533,,,
NewYorkCity_20210622_DEMBoroughPresidentKings,Antonio Reynoso,2021,True,11,11.0,,80867,80890,81160,81563,82191,82761,83568,86484,89465,96444,107963,,,,
NewYorkCity_20210622_DEMBoroughPresidentKings,Robert E. Cornegy Jr.,2021,False,11,,10.0,55285,55312,55639,55916,56496,56862,57836,58972,61880,70173,,,,,
NewYorkCity_20210622_DEMBoroughPresidentKings,Jo Anne Simon,2021,False,11,,11.0,51732,51756,52006,52554,53618,55442,56570,57826,62110,71789,88794,,,,
NewYorkCity_20210622_DEMBoroughPresidentKings,Mathieu Eugene,2021,False,11,,9.0,23153,23165,23364,23571,23873,24325,24966,25858,27175,,,,,,
NewYorkCity_20210622_DEMBoroughPresidentKings,Khari O. Edwards,2021,False,11,,9.0,18150,18162,18572,19002,19348,20317,21533,22407,25211,,,,,,
NewYorkCity_20210622_DEMBoroughPresidentKings,Kim Council,2021,False,11,,8.0,16129,16147,16411,17391,17903,19193,20050,20959,,,,,,,
NewYorkCity_20210622_DEMBoroughPresidentKings,Robert Ramos Jr.,2021,False,11,,7.0,10053,10056,10221,10365,10639,11210,12128,,,,,,,,
NewYorkCity_20210622_DEMBoroughPresidentKings,Anthony T. Jones,2021,False,11,,6.0,8758,8766,9054,9420,9825,10392,,,,,,,,,
NewYorkCity_20210622_DEMBoroughPresidentKings,Trisha N. Ocona,2021,False,11,,5.0,8704,8712,8914,9355,9570,,,,,,,,,,
NewYorkCity_20210622_DEMBoroughPresidentKings,Robert A. Elstein,2021,False,11,,4.0,6834,6845,6960,7151,,,,,,,,,,,
NewYorkCity_20210622_DEMBoroughPresidentKings,Pearlene S. Fields,2021,False,11,,3.0,5032,5056,5222,,,,,,,,,,,,
NewYorkCity_20210622_DEMBoroughPresidentKings,Lamor Miller-Whitehead,2021,False,11,,2.0,4074,4084,,,,,,,,,,,,,
NewYorkCity_20210622_DEMBoroughPresidentKings,Write-ins,2021,False,11,,1.0,706,,,,,,,,,,,,,,
NewYorkCity_20210622_DEMBoroughPresidentKings,Inactive ballots,2021,False,11,,,0,526,1954,3189,6014,8975,12826,16971,23636,51071,92720,,,,
NewYorkCity_20210622_DEMComptrollerCitywide,Brad Lander,2021,True,10,10.0,,268064,268136,269267,270811,275332,281681,287844,296452,314570,340944,,,,,
NewYorkCity_20210622_DEMComptrollerCitywide,Corey D. Johnson,2021,False,10,,10.0,195025,195184,196237,198518,203036,209837,222039,241489,267114,315649,,,,,
NewYorkCity_20210622_DEMComptrollerCitywide,Michelle Caruso-Cabrera,2021,False,10,,9.0,117134,117226,118637,121454,125565,136055,141350,151972,165543,,,,,,
NewYorkCity_20210622_DEMComptrollerCitywide,Brian A. Benjamin,2021,False,10,,8.0,66276,66340,66869,67989,69490,74797,83547,90459,,,,,,,
NewYorkCity_20210622_DEMComptrollerCitywide,David I. Weprin,2021,False,10,,7.0,62641,62698,63329,64435,68327,72152,75133,,,,,,,,
NewYorkCity_20210622_DEMComptrollerCitywide,Kevin S. Parker,2021,False,10,,6.0,49555,49663,49992,51153,51927,55765,,,,,,,,,
NewYorkCity_20210622_DEMComptrollerCitywide,Reshma Patel,2021,False,10,,5.0,45601,45653,46844,49493,51608,,,,,,,,,,
NewYorkCity_20210622_DEMComptrollerCitywide,Zach Iscol,2021,False,10,,4.0,27756,27783,28367,29291,,,,,,,,,,,
NewYorkCity_20210622_DEMComptrollerCitywide,Alex Pan,2021,False,10,,3.0,24266,24300,24865,,,,,,,,,,,,
NewYorkCity_20210622_DEMComptrollerCitywide,Terri Liftin,2021,False,10,,2.0,9978,9993,,,,,,,,,,,,,
NewYorkCity_20210622_DEMComptrollerCitywide,Write-ins,2021,False,10,,1.0,1791,,,,,,,,,,,,,,
NewYorkCity_20210622_DEMComptrollerCitywide,Inactive ballots,2021,False,10,,,0,1111,3680,14943,22802,37800,58174,87715,120860,211494,,,,,
NewYorkCity_20210622_DEMCouncilMember40thCouncilDistrict,Rita C. Joseph,2021,True,10,10.0,,5648,5649,5723,5765,5819,6011,6166,6406,7546,10065,,,,,
NewYorkCity_20210622_DEMCouncilMember40thCouncilDistrict,Josue Pierre,2021,False,10,,10.0,4490,4494,4521,4548,4606,4673,4868,5083,5854,6829,,,,,
NewYorkCity_20210622_DEMCouncilMember40thCouncilDistrict,Kenya Handy-Hilliard,2021,False,10,,9.0,4342,4348,4364,4413,4482,4561,4650,4806,5620,,,,,,
NewYorkCity_20210622_DEMCouncilMember40thCouncilDistrict,Edwin K. Raymond,2021,False,10,,8.0,1856,1859,1889,1914,1974,2062,2140,2265,,,,,,,
NewYorkCity_20210622_DEMCouncilMember40thCouncilDistrict,Cecilia Cortez,2021,False,10,,8.0,1645,1647,1668,1738,1803,1895,1986,2221,,,,,,,
NewYorkCity_20210622_DEMCouncilMember40thCouncilDistrict,Blake Morris,2021,False,10,,7.0,1127,1129,1155,1170,1237,1300,1368,,,,,,,,
NewYorkCity_20210622_DEMCouncilMember40thCouncilDistrict,Maxi Eugene,2021,False,10,,6.0,1054,1054,1068,1085,1129,1175,,,,,,,,,
NewYorkCity_20210622_DEMCouncilMember40thCouncilDistrict,Harriet L. Hines,2021,False,10,,5.0,711,712,736,778,817,,,,,,,,,,
NewYorkCity_20210622_DEMCouncilMember40thCouncilDistrict,John Williams,2021,False,10,,4.0,656,657,671,705,,,,,,,,,,,
NewYorkCity_20210622_DEMCouncilMember40thCouncilDistrict,Vivia M. Morgan,2021,False,10,,3.0,411,412,428,,,,,,,,,,,,
NewYorkCity_20210622_DEMCouncilMember40thCouncilDistrict,Victor Jordan,2021,False,10,,2.0,343,344,,,,,,,,,,,,,
NewYorkCity_20210622_DEMCouncilMember40thCouncilDistrict,Write-ins,2021,False,10,,1.0,60,,,,,,,,,,,,,,
NewYorkCity_20210622_DEMCouncilMember40thCouncilDistrict,Inactive ballots,2021,False,10,,,0,38,120,227,476,666,1165,1562,3323,5449,,,,,
NewYorkCity_20210622_DEMCouncilMember49thCouncilDistrict,Kamillah Hanks,2021,True,9,9.0,,3463,3469,3535,3711,3942,4216,4705,5196,5996,,,,,,
NewYorkCity_20210622_DEMCouncilMember49thCouncilDistrict,Amoy Barnes,2021,False,9,,9.0,2818,2824,2872,2994,3137,3259,3561,3901,4536,,,,,,
NewYorkCity_20210622_DEMCouncilMember49thCouncilDistrict,Ranti Ogunleye,2021,False,9,,8.0,1576,1578,1599,1665,1743,1806,2007,2329,,,,,,,
NewYorkCity_20210622_DEMCouncilMember49thCouncilDistrict,Kelvin Richards,2021,False,9,,7.0,1399,1403,1441,1503,1587,1710,1929,,,,,,,,
NewYorkCity_20210622_DEMCouncilMember49thCouncilDistrict,Selina Grey,2021,False,9,,6.0,1274,1277,1304,1382,1456,1657,,,,,,,,,
NewYorkCity_20210622_DEMCouncilMember49thCouncilDistrict,David Hernandez,2021,False,9,,5.0,1023,1026,1046,1095,1190,,,,,,,,,,
NewYorkCity_20210622_DEMCouncilMember49thCouncilDistrict,Michael P. Schnall,2021,False,9,,4.0,897,898,930,1014,,,,,,,,,,,
NewYorkCity_20210622_DEMCouncilMember49thCouncilDistrict,Troy McGhie,2021,False,9,,3.0,838,839,869,,,,,,,,,,,,
NewYorkCity_20210622_DEMCouncilMember49thCouncilDistrict,John F. McBeth Sr.,2021,False,9,,2.0,391,394,,,,,,,,,,,,,
NewYorkCity_20210622_DEMCouncilMember49thCouncilDistrict,Write-ins,2021,False,9,,1.0,53,,,,,,,,,,,,,,
NewYorkCity_20210622_DEMCouncilMember49thCouncilDistrict,Inactive ballots,2021,False,9,,,0,24,136,368,677,1084,1530,2306,3200,,,,,,
NewYorkCity_20210622_DEMCouncilMember20thCouncilDistrict,Sandra Ung,2021,True,8,8.0,,2370,2370,2374,2454,2654,2936,3615,4205,,,,,,,
NewYorkCity_20210622_DEMCouncilMember20thCouncilDistrict,Ellen Young,2021,False,8,,8.0,1704,1705,1714,1841,1987,2355,2741,3406,,,,,,,
NewYorkCity_20210622_DEMCouncilMember20thCouncilDistrict,John Choe,2021,False,8,,6.0,1632,1633,1637,1650,1701,1845,,,,,,,,,
NewYorkCity_20210622_DEMCouncilMember20thCouncilDistrict,Anthony Miranda,2021,False,8,,5.0,1486,1487,1489,1504,1550,,,,,,,,,,
NewYorkCity_20210622_DEMCouncilMember20thCouncilDistrict,Neng Wang,2021,False,8,,7.0,1407,1409,1418,1666,1868,1996,2146,,,,,,,,
NewYorkCity_20210622_DEMCouncilMember20thCouncilDistrict,Hailing Chen,2021,False,8,,4.0,1012,1012,1021,1337,,,,,,,,,,,
NewYorkCity_20210622_DEMCouncilMember20thCouncilDistrict,Dao Yin,2021,False,8,,3.0,962,963,968,,,,,,,,,,,,
NewYorkCity_20210622_DEMCouncilMember20thCouncilDistrict,Ming-Kang Low,2021,False,8,,2.0,50,50,,,,,,,,,,,,,
NewYorkCity_20210622_DEMCouncilMember20thCouncilDistrict,Write-ins,2021,False,8,,1.0,13,,,,,,,,,,,,,,
NewYorkCity_20210622_DEMCouncilMember20thCouncilDistrict,Inactive ballots,2021,False,8,,,0,7,15,184,876,1504,2134,3025,,,,,,,
NewYorkCity_20210622_DEMCouncilMember29thCouncilDistrict,Lynn C. Schulman,2021,True,8,8.0,,3942,3947,4151,4465,4654,5256,5932,7232,,,,,,,
NewYorkCity_20210622_DEMCouncilMember29thCouncilDistrict,Aleda F. Gagarin,2021,False,8,,8.0,3316,3317,3517,3652,3763,3918,4274,4825,,,,,,,
NewYorkCity_20210622_DEMCouncilMember29thCouncilDistrict,David Aronov,2021,False,8,,7.0,2355,2356,2485,2695,2825,3465,4135,,,,,,,,
NewYorkCity_20210622_DEMCouncilMember29thCouncilDistrict,Donghui Zang,2021,False,8,,6.0,1855,1857,1969,2081,2810,3012,,,,,,,,,
NewYorkCity_20210622_DEMCouncilMember29thCouncilDistrict,Avi Cyperstein,2021,False,8,,5.0,1844,1844,1973,2127,2183,,,,,,,,,,
NewYorkCity_20210622_DEMCouncilMember29thCouncilDistrict,Edwin K. Wong,2021,False,8,,4.0,1353,1355,1424,1541,,,,,,,,,,,
NewYorkCity_20210622_DEMCouncilMember29thCouncilDistrict,Douglas J. Shapiro,2021,False,8,,3.0,1241,1241,1366,,,,,,,,,,,,
NewYorkCity_20210622_DEMCouncilMember29thCouncilDistrict,Eliseo Dorion Labayen,2021,False,8,,2.0,689,692,,,,,,,,,,,,,
NewYorkCity_20210622_DEMCouncilMember29thCouncilDistrict,Sheryl Ann Fetik,2021,False,8,,2.0,486,487,,,,,,,,,,,,,
NewYorkCity_20210622_DEMCouncilMember29thCouncilDistrict,Write-ins,2021,False,8,,1.0,41,,,,,,,,,,,,,,
NewYorkCity_20210622_DEMCouncilMember29thCouncilDistrict,Inactive ballots,2021,False,8,,,0,26,237,561,887,1471,2781,5065,,,,,,,
NewYorkCity_20210622_DEMMayorCitywide,Eric L. Adams,2021,True,8,8.0,,289403,289603,290055,291806,295798,317092,354657,404513,,,,,,,
NewYorkCity_20210622_DEMMayorCitywide,Maya D. Wiley,2021,False,8,,7.0,201127,201193,201518,206013,209108,239174,254728,,,,,,,,
NewYorkCity_20210622_DEMMayorCitywide,Kathryn A. Garcia,2021,False,8,,8.0,184463,184571,184669,186731,191876,223634,266932,397316,,,,,,,
NewYorkCity_20210622_DEMMayorCitywide,Andrew Yang,2021,False,8,,6.0,115130,115301,115502,118008,121597,135686,,,,,,,,,
NewYorkCity_20210622_DEMMayorCitywide,Scott M. Stringer,2021,False,8,,5.0,51778,51850,51951,53599,56723,,,,,,,,,,
NewYorkCity_20210622_DEMMayorCitywide,Dianne Morales,2021,False,8,,5.0,26495,26534,26645,30157,30933,,,,,,,,,,
NewYorkCity_20210622_DEMMayorCitywide,Raymond J. McGuire,2021,False,8,,5.0,25242,25272,25418,26361,27934,,,,,,,,,,
NewYorkCity_20210622_DEMMayorCitywide,Shaun Donovan,2021,False,8,,4.0,23167,23189,23314,24042,,,,,,,,,,,
NewYorkCity_20210622_DEMMayorCitywide,Aaron S. Foldenauer,2021,False,8,,3.0,7742,7758,7819,,,,,,,,,,,,
NewYorkCity_20210622_DEMMayorCitywide,Art Chang,2021,False,8,,3.0,7048,7064,7093,,,,,,,,,,,,
NewYorkCity_20210622_DEMMayorCitywide,Paperboy Love Prince,2021,False,8,,3.0,3964,4007,4060,,,,,,,,,,,,
NewYorkCity_20210622_DEMMayorCitywide,Joycelyn Taylor,2021,False,8,,3.0,2662,2683,2780,,,,,,,,,,,,
NewYorkCity_20210622_DEMMayorCitywide,Isaac Wright Jr.,2021,False,8,,2.0,2242,2254,,,,,,,,,,,,,
NewYorkCity_20210622_DEMMayorCitywide,Write-ins,2021,False,8,,1.0,1568,,,,,,,,,,,,,,
NewYorkCity_20210622_DEMMayorCitywide,Inactive ballots,2021,False,8,,,0,752,1207,5314,8062,26445,65714,140202,,,,,,,
NewYorkCity_20210622_DEMBoroughPresidentNewYork,Mark D. Levine,2021,True,7,7.0,,67375,67409,69081,72704,77253,86944,100718,,,,,,,,
NewYorkCity_20210622_DEMBoroughPresidentNewYork,Brad M. Hoylman,2021,False,7,,7.0,61706,61734,62625,63619,69905,78345,86660,,,,,,,,
NewYorkCity_20210622_DEMBoroughPresidentNewYork,Ben Kallos,2021,False,7,,5.0,30765,30778,31368,32331,35837,,,,,,,,,,
NewYorkCity_20210622_DEMBoroughPresidentNewYork,Lindsey C. Boylan,2021,False,7,,4.0,24457,24476,27082,28314,,,,,,,,,,,
NewYorkCity_20210622_DEMBoroughPresidentNewYork,Elizabeth R. Caputo,2021,False,7,,6.0,23489,23518,25565,29543,36587,42446,,,,,,,,,
NewYorkCity_20210622_DEMBoroughPresidentNewYork,Guillermo A. Perez,2021,False,7,,3.0,16410,16441,17767,,,,,,,,,,,,
NewYorkCity_20210622_DEMBoroughPresidentNewYork,Kimberly R. Watkins,2021,False,7,,2.0,12978,13014,,,,,,,,,,,,,
NewYorkCity_20210622_DEMBoroughPresidentNewYork,Write-ins,2021,False,7,,1.0,550,,,,,,,,,,,,,,
NewYorkCity_20210622_DEMBoroughPresidentNewYork,Inactive ballots,2021,False,7,,,0,360,4242,11219,18148,29995,50352,,,,,,,,
NewYorkCity_20210622_DEMCouncilMember1stCouncilDistrict,Christopher Marte,2021,True,7,6.0,,8598,8602,8705,9034,9278,9801,10785,,,,,,,,
NewYorkCity_20210622_DEMCouncilMember1stCouncilDistrict,Jenny L. Low,2021,False,7,,6.0,3855,3858,3939,4135,4625,5056,7054,,,,,,,,
NewYorkCity_20210622_DEMCouncilMember1stCouncilDistrict,Gigi Li,2021,False,7,,6.0,3476,3479,3566,3768,4254,4662,,,,,,,,,
NewYorkCity_20210622_DEMCouncilMember1stCouncilDistrict,Maud Maron,2021,False,7,,5.0,1899,1900,1976,2190,2495,,,,,,,,,,
NewYorkCity_20210622_DEMCouncilMember1stCouncilDistrict,Susan Lee,2021,False,7,,4.0,1699,1702,1757,2020,,,,,,,,,,,
NewYorkCity_20210622_DEMCouncilMember1stCouncilDistrict,Sean C. Hayes,2021,False,7,,3.0,874,875,928,,,,,,,,,,,,
NewYorkCity_20210622_DEMCouncilMember1stCouncilDistrict,Tiffany Johnson-Winbush,2021,False,7,,3.0,755,757,809,,,,,,,,,,,,
NewYorkCity_20210622_DEMCouncilMember1stCouncilDistrict,Susan Damplo,2021,False,7,,2.0,343,344,,,,,,,,,,,,,
NewYorkCity_20210622_DEMCouncilMember1stCouncilDistrict,Denny R. Salas,2021,False,7,,2.0,292,292,,,,,,,,,,,,,
NewYorkCity_20210622_DEMCouncilMember1stCouncilDistrict,Write-ins,2021,False,7,,1.0,43,,,,,,,,,,,,,,
NewYorkCity_20210622_DEMCouncilMember1stCouncilDistrict,Inactive ballots,2021,False,7,,,0,25,154,687,1182,2315,3995,,,,,,,,
NewYorkCity_20210622_DEMCouncilMember25thCouncilDistrict,Yi Andy Chen,2021,False,7,,7.0,4014,4019,4092,4201,4433,4802,5549,,,,,,,,
NewYorkCity_20210622_DEMCouncilMember25thCouncilDistrict,Shekar Krishnan,2021,True,7,7.0,,3915,3916,3983,4064,4553,5040,6352,,,,,,,,
NewYorkCity_20210622_DEMCouncilMember25thCouncilDistrict,Carolyn Tran,2021,False,7,,6.0,2304,2304,2368,2474,2695,3045,,,,,,,,,
NewYorkCity_20210622_DEMCouncilMember25thCouncilDistrict,Fatima Baryab,2021,False,7,,4.0,1541,1543,1588,1687,,,,,,,,,,,
NewYorkCity_20210622_DEMCouncilMember25thCouncilDistrict,Alfonso Quiroz,2021,False,7,,5.0,1358,1360,1566,1816,1986,,,,,,,,,,
NewYorkCity_20210622_DEMCouncilMember25thCouncilDistrict,Liliana C. Melo,2021,False,7,,3.0,942,942,1041,,,,,,,,,,,,
NewYorkCity_20210622_DEMCouncilMember25thCouncilDistrict,Manuel F. Perez,2021,False,7,,2.0,512,513,,,,,,,,,,,,,
NewYorkCity_20210622_DEMCouncilMember25thCouncilDistrict,William H. Salgado,2021,False,7,,2.0,281,282,,,,,,,,,,,,,
NewYorkCity_20210622_DEMCouncilMember25thCouncilDistrict,Write-ins,2021,False,7,,1.0,35,,,,,,,,,,,,,,
NewYorkCity_20210622_DEMCouncilMember25thCouncilDistrict,Inactive ballots,2021,False,7,,,0,23,264,660,1235,2015,3001,,,,,,,,
NewYorkCity_20210622_DEMCouncilMember46thCouncilDistrict,Mercedes Narcisse,2021,True,7,7.0,,6421,6429,6651,6958,7372,7726,8940,,,,,,,,
NewYorkCity_20210622_DEMCouncilMember46thCouncilDistrict,Shirley S. Paul,2021,False,7,,7.0,3008,3013,3216,3412,3824,4304,5094,,,,,,,,
NewYorkCity_20210622_DEMCouncilMember46thCouncilDistrict,Gardy Brazela,2021,False,7,,6.0,2628,2633,2695,2793,3162,3668,,,,,,,,,
NewYorkCity_20210622_DEMCouncilMember46thCouncilDistrict,Donald J. Cranston,2021,False,7,,5.0,2387,2387,2431,2629,2791,,,,,,,,,,
NewYorkCity_20210622_DEMCouncilMember46thCouncilDistrict,Judy D. Newton,2021,False,7,,4.0,1615,1617,1717,1905,,,,,,,,,,,
NewYorkCity_20210622_DEMCouncilMember46thCouncilDistrict,R. Dimple Willabus,2021,False,7,,3.0,1390,1392,1445,,,,,,,,,,,,
NewYorkCity_20210622_DEMCouncilMember46thCouncilDistrict,Tiffany Pryor,2021,False,7,,2.0,548,550,,,,,,,,,,,,,
NewYorkCity_20210622_DEMCouncilMember46thCouncilDistrict,Zuri S. Jackson,2021,False,7,,2.0,425,428,,,,,,,,,,,,,
NewYorkCity_20210622_DEMCouncilMember46thCouncilDistrict,Write-ins,2021,False,7,,1.0,58,,,,,,,,,,,,,,
NewYorkCity_20210622_DEMCouncilMember46thCouncilDistrict,Inactive ballots,2021,False,7,,,0,31,325,783,1331,2782,4446,,,,,,,,
NewYorkCity_20210622_DEMCouncilMember14thCouncilDistrict,Pierina Ana Sanchez,2021,True,6,6.0,,3569,3577,3604,3805,4026,4887,,,,,,,,,
NewYorkCity_20210622_DEMCouncilMember14thCouncilDistrict,Yudelka Tapia,2021,False,6,,6.0,1964,1964,1985,2122,2448,2957,,,,,,,,,
NewYorkCity_20210622_DEMCouncilMember14thCouncilDistrict,Adolfo Abreu,2021,False,6,,5.0,1756,1756,1777,1898,2105,,,,,,,,,,
NewYorkCity_20210622_DEMCouncilMember14thCouncilDistrict,Haile Rivera,2021,False,6,,4.0,980,980,994,1102,,,,,,,,,,,
NewYorkCity_20210622_DEMCouncilMember14thCouncilDistrict,Fernando A. Aquino,2021,False,6,,3.0,912,913,939,,,,,,,,,,,,
NewYorkCity_20210622_DEMCouncilMember14thCouncilDistrict,Socrates S. Solano,2021,False,6,,2.0,174,175,,,,,,,,,,,,,
NewYorkCity_20210622_DEMCouncilMember14thCouncilDistrict,Write-ins,2021,False,6,,1.0,30,,,,,,,,,,,,,,
NewYorkCity_20210622_DEMCouncilMember14thCouncilDistrict,Inactive ballots,2021,False,6,,,0,20,86,458,806,1541,,,,,,,,,
NewYorkCity_20210622_DEMCouncilMember15thCouncilDistrict,Oswald Feliz,2021,True,6,5.0,,3165,3170,3247,3408,3791,4348,,,,,,,,,
NewYorkCity_20210622_DEMCouncilMember15thCouncilDistrict,Ischia J. Bravo,2021,False,6,,5.0,1609,1614,1701,1812,2039,2325,,,,,,,,,
NewYorkCity_20210622_DEMCouncilMember15thCouncilDistrict,John E. Sanchez,2021,False,6,,4.0,1021,1023,1088,1195,,,,,,,,,,,
NewYorkCity_20210622_DEMCouncilMember15thCouncilDistrict,Bernadette Ferrara,2021,False,6,,5.0,984,984,1061,1244,1421,,,,,,,,,,
NewYorkCity_20210622_DEMCouncilMember15thCouncilDistrict,Troy Blackwell,2021,False,6,,3.0,842,843,902,,,,,,,,,,,,
NewYorkCity_20210622_DEMCouncilMember15thCouncilDistrict,Kenny G. Agosto,2021,False,6,,2.0,194,194,,,,,,,,,,,,,
NewYorkCity_20210622_DEMCouncilMember15thCouncilDistrict,Latchmi Devi Gopal,2021,False,6,,2.0,193,194,,,,,,,,,,,,,
NewYorkCity_20210622_DEMCouncilMember15thCouncilDistrict,Lillithe Lozano,2021,False,6,,2.0,165,166,,,,,,,,,,,,,
NewYorkCity_20210622_DEMCouncilMember15thCouncilDistrict,Write-ins,2021,False,6,,1.0,31,,,,,,,,,,,,,,
NewYorkCity_20210622_DEMCouncilMember15thCouncilDistrict,Inactive ballots,2021,False,6,,,0,16,205,545,953,1531,,,,,,,,,
NewYorkCity_20210622_DEMCouncilMember18thCouncilDistrict,Amanda Farias,2021,True,6,6.0,,3852,3865,3948,4051,4540,6004,,,,,,,,,
NewYorkCity_20210622_DEMCouncilMember18thCouncilDistrict,William Rivera,2021,False,6,,6.0,3774,3780,3893,3937,4273,5467,,,,,,,,,
NewYorkCity_20210622_DEMCouncilMember18thCouncilDistrict,Michael Beltzer,2021,False,6,,5.0,1863,1867,1947,1970,2079,,,,,,,,,,
NewYorkCity_20210622_DEMCouncilMember18thCouncilDistrict,Darlene Jackson,2021,False,6,,5.0,1578,1581,1771,1810,1964,,,,,,,,,,
NewYorkCity_20210622_DEMCouncilMember18thCouncilDistrict,Mohammed Mujumder,2021,False,6,,4.0,1420,1422,1458,1768,,,,,,,,,,,
NewYorkCity_20210622_DEMCouncilMember18thCouncilDistrict,Mirza M. Rashid,2021,False,6,,3.0,719,719,732,,,,,,,,,,,,
NewYorkCity_20210622_DEMCouncilMember18thCouncilDistrict,William Russell Moore,2021,False,6,,2.0,575,577,,,,,,,,,,,,,
NewYorkCity_20210622_DEMCouncilMember18thCouncilDistrict,Eliu A. Lara,2021,False,6,,2.0,133,136,,,,,,,,,,,,,
NewYorkCity_20210622_DEMCouncilMember18thCouncilDistrict,Write-ins,2021,False,6,,1.0,70,,,,,,,,,,,,,,
NewYorkCity_20210622_DEMCouncilMember18thCouncilDistrict,Inactive ballots,2021,False,6,,,0,37,235,448,1128,2513,,,,,,,,,
NewYorkCity_20210622_DEMCouncilMember33rdCouncilDistrict,Lincoln Restler,2021,True,6,3.0,,14444,14452,14582,14817,15121,16537,,,,,,,,,
NewYorkCity_20210622_DEMCouncilMember33rdCouncilDistrict,Elizabeth E. Adams,2021,False,6,,3.0,6181,6182,6284,6542,6888,9332,,,,,,,,,
NewYorkCity_20210622_DEMCouncilMember33rdCouncilDistrict,Victoria E. Cambranes,2021,False,6,,3.0,2055,2058,2129,2264,2435,,,,,,,,,,
NewYorkCity_20210622_DEMCouncilMember33rdCouncilDistrict,Sabrina N. Gates,2021,False,6,,3.0,1611,1618,1650,1714,1940,,,,,,,,,,
NewYorkCity_20210622_DEMCouncilMember33rdCouncilDistrict,Toba Potosky,2021,False,6,,3.0,1591,1594,1632,1718,1892,,,,,,,,,,
NewYorkCity_20210622_DEMCouncilMember33rdCouncilDistrict,April Somboun,2021,False,6,,3.0,1483,1483,1514,1588,,,,,,,,,,,
NewYorkCity_20210622_DEMCouncilMember33rdCouncilDistrict,Stu Sherman,2021,False,6,,3.0,1139,1140,1197,,,,,,,,,,,,
NewYorkCity_20210622_DEMCouncilMember33rdCouncilDistrict,Ben Solotaire,2021,False,6,,2.0,622,623,,,,,,,,,,,,,
NewYorkCity_20210622_DEMCouncilMember33rdCouncilDistrict,Write-ins,2021,False,6,,1.0,102,,,,,,,,,,,,,,
NewYorkCity_20210622_DEMCouncilMember33rdCouncilDistrict,Inactive ballots,2021,False,6,,,0,78,240,585,952,3359,,,,,,,,,
NewYorkCity_20210622_DEMCouncilMember39thCouncilDistrict,Shahana K. Hanif,2021,True,6,6.0,,11599,11603,12098,12937,13653,15980,,,,,,,,,
NewYorkCity_20210622_DEMCouncilMember39thCouncilDistrict,Brandon West,2021,False,6,,6.0,8088,8092,8196,8767,9741,12058,,,,,,,,,
NewYorkCity_20210622_DEMCouncilMember39thCouncilDistrict,Justin M. Krebs,2021,False,6,,5.0,5740,5741,5851,6666,8913,,,,,,,,,,
NewYorkCity_20210622_DEMCouncilMember39thCouncilDistrict,Douglas M. Schneider,2021,False,6,,4.0,4999,5001,5222,5854,,,,,,,,,,,
NewYorkCity_20210622_DEMCouncilMember39thCouncilDistrict,Briget Rein,2021,False,6,,3.0,2533,2541,2634,,,,,,,,,,,,
NewYorkCity_20210622_DEMCouncilMember39thCouncilDistrict,Jessica Simmons,2021,False,6,,3.0,1587,1589,1634,,,,,,,,,,,,
NewYorkCity_20210622_DEMCouncilMember39thCouncilDistrict,Mamnun M. Haq,2021,False,6,,2.0,1459,1460,,,,,,,,,,,,,
NewYorkCity_20210622_DEMCouncilMember39thCouncilDistrict,Write-ins,2021,False,6,,1.0,90,,,,,,,,,,,,,,
NewYorkCity_20210622_DEMCouncilMember39thCouncilDistrict,Inactive ballots,2021,False,6,,,0,68,460,1871,3788,8057,,,,,,,,,
NewYorkCity_20210622_DEMCouncilMember3rdCouncilDistrict,Erik D. Bottcher,2021,True,6,4.0,,13520,13536,13886,14173,14931,17027,,,,,,,,,
NewYorkCity_20210622_DEMCouncilMember3rdCouncilDistrict,Arthur Z. Schwartz,2021,False,6,,4.0,4414,4421,4679,5056,5677,6806,,,,,,,,,
NewYorkCity_20210622_DEMCouncilMember3rdCouncilDistrict,Leslie Boghosian Murphy,2021,False,6,,4.0,3903,3911,4107,4703,5669,,,,,,,,,,
NewYorkCity_20210622_DEMCouncilMember3rdCouncilDistrict,Aleta A. LaFargue,2021,False,6,,4.0,2776,2784,2967,3439,,,,,,,,,,,
NewYorkCity_20210622_DEMCouncilMember3rdCouncilDistrict,Marni Halasa,2021,False,6,,3.0,2225,2231,2442,,,,,,,,,,,,
NewYorkCity_20210622_DEMCouncilMember3rdCouncilDistrict,Phelan D. Fitzpatrick,2021,False,6,,2.0,1595,1597,,,,,,,,,,,,,
NewYorkCity_20210622_DEMCouncilMember3rdCouncilDistrict,Write-ins,2021,False,6,,1.0,125,,,,,,,,,,,,,,
NewYorkCity_20210622_DEMCouncilMember3rdCouncilDistrict,Inactive ballots,2021,False,6,,,0,78,477,1187,2281,4725,,,,,,,,,
NewYorkCity_20210622_DEMCouncilMember5thCouncilDistrict,Julie Menin,2021,True,6,6.0,,8872,8879,9174,9849,10635,12083,,,,,,,,,
NewYorkCity_20210622_DEMCouncilMember5thCouncilDistrict,Tricia M. Shimamura,2021,False,6,,6.0,5989,5993,6267,6785,7786,9485,,,,,,,,,
NewYorkCity_20210622_DEMCouncilMember5thCouncilDistrict,Rebecca N. Lamorte,2021,False,6,,5.0,2892,2893,3187,3783,4699,,,,,,,,,,
NewYorkCity_20210622_DEMCouncilMember5thCouncilDistrict,Kim Moscaritolo,2021,False,6,,4.0,2808,2812,3215,3534,,,,,,,,,,,
NewYorkCity_20210622_DEMCouncilMember5thCouncilDistrict,Billy Freeland,2021,False,6,,3.0,2641,2645,2853,,,,,,,,,,,,
NewYorkCity_20210622_DEMCouncilMember5thCouncilDistrict,Christopher A. Sosa,2021,False,6,,2.0,1486,1491,,,,,,,,,,,,,
NewYorkCity_20210622_DEMCouncilMember5thCouncilDistrict,Marco A. Tamayo,2021,False,6,,2.0,670,671,,,,,,,,,,,,,
NewYorkCity_20210622_DEMCouncilMember5thCouncilDistrict,Write-ins,2021,False,6,,1.0,78,,,,,,,,,,,,,,
NewYorkCity_20210622_DEMCouncilMember5thCouncilDistrict,Inactive ballots,2021,False,6,,,0,52,740,1485,2316,3868,,,,,,,,,
NewYorkCity_20210622_DEMBoroughPresidentRichmond,Mark S. Murphy,2021,True,5,3.0,,13221,13281,13835,14569,16355,,,,,,,,,,
NewYorkCity_20210622_DEMBoroughPresidentRichmond,Lorraine A. Honor,2021,False,5,,3.0,6083,6103,6463,7094,8815,,,,,,,,,,
NewYorkCity_20210622_DEMBoroughPresidentRichmond,Cesar A. Vargas,2021,False,5,,3.0,4097,4115,4527,5103,,,,,,,,,,,
NewYorkCity_20210622_DEMBoroughPresidentRichmond,Brandon P. Stradford,2021,False,5,,3.0,2610,2624,2831,,,,,,,,,,,,
NewYorkCity_20210622_DEMBoroughPresidentRichmond,Radhakrishna Mohan,2021,False,5,,2.0,2086,2098,,,,,,,,,,,,,
NewYorkCity_20210622_DEMBoroughPresidentRichmond,Write-ins,2021,False,5,,1.0,335,,,,,,,,,,,,,,
NewYorkCity_20210622_DEMBoroughPresidentRichmond,Inactive ballots,2021,False,5,,,0,211,776,1666,3262,,,,,,,,,,
NewYorkCity_20210622_DEMCouncilMember11thCouncilDistrict,Eric Dinowitz,2021,True,5,4.0,,7509,7513,7596,8316,9491,,,,,,,,,,
NewYorkCity_20210622_DEMCouncilMember11thCouncilDistrict,Mino Lora,2021,False,5,,4.0,4373,4375,4493,4986,5994,,,,,,,,,,
NewYorkCity_20210622_DEMCouncilMember11thCouncilDistrict,Abigail Martin,2021,False,5,,4.0,2387,2392,2513,3005,,,,,,,,,,,
NewYorkCity_20210622_DEMCouncilMember11thCouncilDistrict,Daniel Padernacht,2021,False,5,,3.0,1057,1057,1102,,,,,,,,,,,,
NewYorkCity_20210622_DEMCouncilMember11thCouncilDistrict,Jessica Haller,2021,False,5,,3.0,977,984,1059,,,,,,,,,,,,
NewYorkCity_20210622_DEMCouncilMember11thCouncilDistrict,Marcos Sierra,2021,False,5,,2.0,356,356,,,,,,,,,,,,,
NewYorkCity_20210622_DEMCouncilMember11thCouncilDistrict,Carlton Berkley,2021,False,5,,2.0,313,314,,,,,,,,,,,,,
NewYorkCity_20210622_DEMCouncilMember11thCouncilDistrict,Write-ins,2021,False,5,,1.0,36,,,,,,,,,,,,,,
NewYorkCity_20210622_DEMCouncilMember11thCouncilDistrict,Inactive ballots,2021,False,5,,,0,17,245,701,1523,,,,,,,,,,
NewYorkCity_20210622_DEMCouncilMember23rdCouncilDistrict,Linda Lee,2021,True,5,5.0,,4943,4953,5066,5298,7173,,,,,,,,,,
NewYorkCity_20210622_DEMCouncilMember23rdCouncilDistrict,Jaslin Kaur,2021,False,5,,5.0,4018,4019,4487,5204,5992,,,,,,,,,,
NewYorkCity_20210622_DEMCouncilMember23rdCouncilDistrict,Steve Behar,2021,False,5,,4.0,2181,2186,2297,2427,,,,,,,,,,,
NewYorkCity_20210622_DEMCouncilMember23rdCouncilDistrict,Debra Markell,2021,False,5,,4.0,2074,2076,2193,2300,,,,,,,,,,,
NewYorkCity_20210622_DEMCouncilMember23rdCouncilDistrict,Sanjeev Kumar Jindal,2021,False,5,,3.0,1777,1780,2009,,,,,,,,,,,,
NewYorkCity_20210622_DEMCouncilMember23rdCouncilDistrict,Koshy O. Thomas,2021,False,5,,2.0,788,788,,,,,,,,,,,,,
NewYorkCity_20210622_DEMCouncilMember23rdCouncilDistrict,Harpreet S. Toor,2021,False,5,,2.0,688,688,,,,,,,,,,,,,
NewYorkCity_20210622_DEMCouncilMember23rdCouncilDistrict,Write-ins,2021,False,5,,1.0,57,,,,,,,,,,,,,,
NewYorkCity_20210622_DEMCouncilMember23rdCouncilDistrict,Inactive ballots,2021,False,5,,,0,36,474,1297,3361,,,,,,,,,,
NewYorkCity_20210622_DEMCouncilMember38thCouncilDistrict,Alexa Aviles,2021,True,5,5.0,,4806,4808,4869,5207,6857,,,,,,,,,,
NewYorkCity_20210622_DEMCouncilMember38thCouncilDistrict,Yu Lin,2021,False,5,,5.0,3113,3119,3176,3290,3683,,,,,,,,,,
NewYorkCity_20210622_DEMCouncilMember38thCouncilDistrict,Rodrigo G. Camarena,2021,False,5,,4.0,1398,1401,1424,1619,,,,,,,,,,,
NewYorkCity_20210622_DEMCouncilMember38thCouncilDistrict,Jacqui Painter,2021,False,5,,4.0,1189,1190,1283,1462,,,,,,,,,,,
NewYorkCity_20210622_DEMCouncilMember38thCouncilDistrict,Cesar Zuniga,2021,False,5,,3.0,1086,1088,1154,,,,,,,,,,,,
NewYorkCity_20210622_DEMCouncilMember38thCouncilDistrict,Victor Swinton,2021,False,5,,2.0,491,491,,,,,,,,,,,,,
NewYorkCity_20210622_DEMCouncilMember38thCouncilDistrict,Write-ins,2021,False,5,,1.0,33,,,,,,,,,,,,,,
NewYorkCity_20210622_DEMCouncilMember38thCouncilDistrict,Inactive ballots,2021,False,5,,,0,19,210,538,1576,,,,,,,,,,
NewYorkCity_20210622_DEMCouncilMember48thCouncilDistrict,Steven Saperstein,2021,True,5,5.0,,3033,3041,3158,3787,4542,,,,,,,,,,
NewYorkCity_20210622_DEMCouncilMember48thCouncilDistrict,Mariya Markh,2021,False,5,,5.0,2576,2586,2642,2861,3416,,,,,,,,,,
NewYorkCity_20210622_DEMCouncilMember48thCouncilDistrict,Amber L. Adler,2021,False,5,,4.0,1587,1594,1644,2004,,,,,,,,,,,
NewYorkCity_20210622_DEMCouncilMember48thCouncilDistrict,Binyomin Zev Bendet,2021,False,5,,3.0,1485,1487,1589,,,,,,,,,,,,
NewYorkCity_20210622_DEMCouncilMember48thCouncilDistrict,Heshy Tischler,2021,False,5,,2.0,461,463,,,,,,,,,,,,,
NewYorkCity_20210622_DEMCouncilMember48thCouncilDistrict,Write-ins,2021,False,5,,1.0,68,,,,,,,,,,,,,,
NewYorkCity_20210622_DEMCouncilMember48thCouncilDistrict,Inactive ballots,2021,False,5,,,0,39,177,558,1252,,,,,,,,,,
NewYorkCity_20210622_DEMCouncilMember10thCouncilDistrict,Carmen N. De La Rosa,2021,True,4,4.0,,7910,7916,8613,10318,,,,,,,,,,,
NewYorkCity_20210622_DEMCouncilMember10thCouncilDistrict,Johanna Garcia,2021,False,4,,4.0,5417,5427,5838,6949,,,,,,,,,,,
NewYorkCity_20210622_DEMCouncilMember10thCouncilDistrict,Angela Fernandez,2021,False,4,,3.0,3292,3298,3997,,,,,,,,,,,,
NewYorkCity_20210622_DEMCouncilMember10thCouncilDistrict,James E. Behr,2021,False,4,,2.0,725,729,,,,,,,,,,,,,
NewYorkCity_20210622_DEMCouncilMember10thCouncilDistrict,Francesca M. Castellanos,2021,False,4,,2.0,660,663,,,,,,,,,,,,,
NewYorkCity_20210622_DEMCouncilMember10thCouncilDistrict,Thomas A. Leon,2021,False,4,,2.0,599,600,,,,,,,,,,,,,
NewYorkCity_20210622_DEMCouncilMember10thCouncilDistrict,Josue Perez,2021,False,4,,2.0,590,590,,,,,,,,,,,,,
NewYorkCity_20210622_DEMCouncilMember10thCouncilDistrict,Tirso S. Pina,2021,False,4,,2.0,330,331,,,,,,,,,,,,,
NewYorkCity_20210622_DEMCouncilMember10thCouncilDistrict,Write-ins,2021,False,4,,1.0,60,,,,,,,,,,,,,,
NewYorkCity_20210622_DEMCouncilMember10thCouncilDistrict,Inactive ballots,2021,False,4,,,0,29,1135,2316,,,,,,,,,,,
NewYorkCity_20210622_DEMCouncilMember19thCouncilDistrict,Tony Avella,2021,True,4,4.0,,4992,5006,5469,6429,,,,,,,,,,,
NewYorkCity_20210622_DEMCouncilMember19thCouncilDistrict,Richard J. Lee,2021,False,4,,4.0,3818,3829,4237,5317,,,,,,,,,,,
NewYorkCity_20210622_DEMCouncilMember19thCouncilDistrict,Austin I. Shafran,2021,False,4,,3.0,2592,2594,2939,,,,,,,,,,,,
NewYorkCity_20210622_DEMCouncilMember19thCouncilDistrict,Adriana Aviles,2021,False,4,,2.0,1053,1058,,,,,,,,,,,,,
NewYorkCity_20210622_DEMCouncilMember19thCouncilDistrict,Francis E. Spangenberg,2021,False,4,,2.0,376,378,,,,,,,,,,,,,
NewYorkCity_20210622_DEMCouncilMember19thCouncilDistrict,Nabaraj Kc,2021,False,4,,2.0,186,186,,,,,,,,,,,,,
NewYorkCity_20210622_DEMCouncilMember19thCouncilDistrict,Write-ins,2021,False,4,,1.0,69,,,,,,,,,,,,,,
NewYorkCity_20210622_DEMCouncilMember19thCouncilDistrict,Inactive ballots,2021,False,4,,,0,35,441,1340,,,,,,,,,,,
NewYorkCity_20210622_DEMCouncilMember36thCouncilDistrict,Chi A. Osse,2021,True,4,4.0,,8520,8527,9010,11149,,,,,,,,,,,
NewYorkCity_20210622_DEMCouncilMember36thCouncilDistrict,Henry L. Butler,2021,False,4,,4.0,5409,5422,6492,8402,,,,,,,,,,,
NewYorkCity_20210622_DEMCouncilMember36thCouncilDistrict,Tahirah A. Moore,2021,False,4,,3.0,5326,5338,6196,,,,,,,,,,,,
NewYorkCity_20210622_DEMCouncilMember36thCouncilDistrict,Robert Waterman,2021,False,4,,2.0,3274,3281,,,,,,,,,,,,,
NewYorkCity_20210622_DEMCouncilMember36thCouncilDistrict,Reginald Swiney,2021,False,4,,2.0,625,628,,,,,,,,,,,,,
NewYorkCity_20210622_DEMCouncilMember36thCouncilDistrict,Write-ins,2021,False,4,,1.0,86,,,,,,,,,,,,,,
NewYorkCity_20210622_DEMCouncilMember36thCouncilDistrict,Inactive ballots,2021,False,4,,,0,44,1542,3689,,,,,,,,,,,
NewYorkCity_20210622_DEMCouncilMember37thCouncilDistrict,Sandy Nurse,2021,True,4,3.0,,5363,5369,5600,6124,,,,,,,,,,,
NewYorkCity_20210622_DEMCouncilMember37thCouncilDistrict,Darma V. Diaz,2021,False,4,,3.0,2524,2524,2698,3247,,,,,,,,,,,
NewYorkCity_20210622_DEMCouncilMember37thCouncilDistrict,Misba Abdin,2021,False,4,,3.0,1114,1114,1154,,,,,,,,,,,,
NewYorkCity_20210622_DEMCouncilMember37thCouncilDistrict,Heriberto Mateo,2021,False,4,,3.0,954,956,1071,,,,,,,,,,,,
NewYorkCity_20210622_DEMCouncilMember37thCouncilDistrict,Rick Echevarria,2021,False,4,,2.0,555,558,,,,,,,,,,,,,
NewYorkCity_20210622_DEMCouncilMember37thCouncilDistrict,Christopher Durosinmi,2021,False,4,,2.0,339,340,,,,,,,,,,,,,
NewYorkCity_20210622_DEMCouncilMember37thCouncilDistrict,Write-ins,2021,False,4,,1.0,25,,,,,,,,,,,,,,
NewYorkCity_20210622_DEMCouncilMember37thCouncilDistrict,Inactive ballots,2021,False,4,,,0,13,351,1503,,,,,,,,,,,
NewYorkCity_20210622_DEMBoroughPresidentBronx,Vanessa L. Gibson,2021,True,3,3.0,,40097,40148,49401,,,,,,,,,,,,
NewYorkCity_20210622_DEMBoroughPresidentBronx,Fernando Cabrera,2021,False,3,,3.0,34022,34130,42957,,,,,,,,,,,,
NewYorkCity_20210622_DEMBoroughPresidentBronx,Nathalia Fernandez,2021,False,3,,2.0,14397,14501,,,,,,,,,,,,,
NewYorkCity_20210622_DEMBoroughPresidentBronx,Luis R. Sepulveda,2021,False,3,,2.0,10407,10444,,,,,,,,,,,,,
NewYorkCity_20210622_DEMBoroughPresidentBronx,Sammy Ravelo,2021,False,3,,2.0,1958,1971,,,,,,,,,,,,,
NewYorkCity_20210622_DEMBoroughPresidentBronx,Write-ins,2021,False,3,,1.0,582,,,,,,,,,,,,,,
NewYorkCity_20210622_DEMBoroughPresidentBronx,Inactive ballots,2021,False,3,,,0,269,9105,,,,,,,,,,,,
NewYorkCity_20210622_DEMBoroughPresidentQueens,Donovan J. Richards Jr.,2021,True,3,3.0,,80320,80491,92222,,,,,,,,,,,,
NewYorkCity_20210622_DEMBoroughPresidentQueens,Elizabeth S. Crowley,2021,False,3,,3.0,80142,80299,91153,,,,,,,,,,,,
NewYorkCity_20210622_DEMBoroughPresidentQueens,James G. Van Bramer,2021,False,3,,2.0,34210,34306,,,,,,,,,,,,,
NewYorkCity_20210622_DEMBoroughPresidentQueens,Write-ins,2021,False,3,,1.0,919,,,,,,,,,,,,,,
NewYorkCity_20210622_DEMBoroughPresidentQueens,Inactive ballots,2021,False,3,,,0,495,12216,,,,,,,,,,,,
NewYorkCity_20210622_DEMCouncilMember12thCouncilDistrict,Kevin Riley,2021,True,3,3.0,,8588,8614,9595,,,,,,,,,,,,
NewYorkCity_20210622_DEMCouncilMember12thCouncilDistrict,Pamela A. Hamilton-Johnson,2021,False,3,,3.0,4981,5033,6643,,,,,,,,,,,,
NewYorkCity_20210622_DEMCouncilMember12thCouncilDistrict,Shanequa Moore,2021,False,3,,2.0,3621,3660,,,,,,,,,,,,,
NewYorkCity_20210622_DEMCouncilMember12thCouncilDistrict,Write-ins,2021,False,3,,1.0,209,,,,,,,,,,,,,,
NewYorkCity_20210622_DEMCouncilMember12thCouncilDistrict,Inactive ballots,2021,False,3,,,0,92,1161,,,,,,,,,,,,
NewYorkCity_20210622_DEMCouncilMember22ndCouncilDistrict,Tiffany Caban,2021,True,3,3.0,,7934,7936,9088,,,,,,,,,,,,
NewYorkCity_20210622_DEMCouncilMember22ndCouncilDistrict,Evie Hantzopoulos,2021,False,3,,3.0,4175,4177,5424,,,,,,,,,,,,
NewYorkCity_20210622_DEMCouncilMember22ndCouncilDistrict,John J. Ciafone,2021,False,3,,2.0,1617,1622,,,,,,,,,,,,,
NewYorkCity_20210622_DEMCouncilMember22ndCouncilDistrict,Leonardo T. Bullaro,2021,False,3,,2.0,1218,1221,,,,,,,,,,,,,
NewYorkCity_20210622_DEMCouncilMember22ndCouncilDistrict,Catherina Gioino,2021,False,3,,2.0,803,804,,,,,,,,,,,,,
NewYorkCity_20210622_DEMCouncilMember22ndCouncilDistrict,Nick Velkov,2021,False,3,,2.0,463,463,,,,,,,,,,,,,
NewYorkCity_20210622_DEMCouncilMember22ndCouncilDistrict,Write-ins,2021,False,3,,1.0,30,,,,,,,,,,,,,,
NewYorkCity_20210622_DEMCouncilMember22ndCouncilDistrict,Inactive ballots,2021,False,3,,,0,17,1728,,,,,,,,,,,,
NewYorkCity_20210622_DEMCouncilMember32ndCouncilDistrict,Felicia Singh,2021,True,3,3.0,,3661,3699,4686,,,,,,,,,,,,
NewYorkCity_20210622_DEMCouncilMember32ndCouncilDistrict,Michael G. Scala,2021,False,3,,3.0,3590,3616,4248,,,,,,,,,,,,
NewYorkCity_20210622_DEMCouncilMember32ndCouncilDistrict,Helal A. Sheikh,2021,False,3,,2.0,1093,1100,,,,,,,,,,,,,
NewYorkCity_20210622_DEMCouncilMember32ndCouncilDistrict,Bella A. Matias,2021,False,3,,2.0,814,817,,,,,,,,,,,,,
NewYorkCity_20210622_DEMCouncilMember32ndCouncilDistrict,Kaled A. Alamarie,2021,False,3,,2.0,692,702,,,,,,,,,,,,,
NewYorkCity_20210622_DEMCouncilMember32ndCouncilDistrict,Shaeleigh Severino,2021,False,3,,2.0,258,261,,,,,,,,,,,,,
NewYorkCity_20210622_DEMCouncilMember32ndCouncilDistrict,Write-ins,2021,False,3,,1.0,163,,,,,,,,,,,,,,
NewYorkCity_20210622_DEMCouncilMember32ndCouncilDistrict,Inactive ballots,2021,False,3,,,0,76,1337,,,,,,,,,,,,
NewYorkCity_20210622_DEMCouncilMember35thCouncilDistrict,Crystal Hudson,2021,True,3,3.0,,13359,13368,16564,,,,,,,,,,,,
NewYorkCity_20210622_DEMCouncilMember35thCouncilDistrict,Michael Hollingsworth,2021,False,3,,3.0,11874,11877,14138,,,,,,,,,,,,
NewYorkCity_20210622_DEMCouncilMember35thCouncilDistrict,Renee T. Collymore,2021,False,3,,2.0,4434,4438,,,,,,,,,,,,,
NewYorkCity_20210622_DEMCouncilMember35thCouncilDistrict,Curtis M. Harris,2021,False,3,,2.0,1649,1652,,,,,,,,,,,,,
NewYorkCity_20210622_DEMCouncilMember35thCouncilDistrict,Regina A. Kinsey,2021,False,3,,2.0,1633,1637,,,,,,,,,,,,,
NewYorkCity_20210622_DEMCouncilMember35thCouncilDistrict,Deirdre M. Levy,2021,False,3,,2.0,1394,1398,,,,,,,,,,,,,
NewYorkCity_20210622_DEMCouncilMember35thCouncilDistrict,Hector Robertson,2021,False,3,,2.0,504,504,,,,,,,,,,,,,
NewYorkCity_20210622_DEMCouncilMember35thCouncilDistrict,Write-ins,2021,False,3,,1.0,68,,,,,,,,,,,,,,
NewYorkCity_20210622_DEMCouncilMember35thCouncilDistrict,Inactive ballots,2021,False,3,,,0,41,4213,,,,,,,,,,,,
NewYorkCity_20210622_DEMCouncilMember42ndCouncilDistrict,Charles Barron,2021,True,3,3.0,,7431,7458,7979,,,,,,,,,,,,
NewYorkCity_20210622_DEMCouncilMember42ndCouncilDistrict,Nikki Lucas,2021,False,3,,3.0,5720,5743,6868,,,,,,,,,,,,
NewYorkCity_20210622_DEMCouncilMember42ndCouncilDistrict,Wilfredo Florentino,2021,False,3,,2.0,1582,1591,,,,,,,,,,,,,
NewYorkCity_20210622_DEMCouncilMember42ndCouncilDistrict,Gena M. Watson,2021,False,3,,2.0,779,788,,,,,,,,,,,,,
NewYorkCity_20210622_DEMCouncilMember42ndCouncilDistrict,Write-ins,2021,False,3,,1.0,124,,,,,,,,,,,,,,
NewYorkCity_20210622_DEMCouncilMember42ndCouncilDistrict,Inactive ballots,2021,False,3,,,0,56,789,,,,,,,,,,,,
NewYorkCity_20210622_DEMCouncilMember47thCouncilDistrict,Ari Kagan,2021,True,3,3.0,,3493,3498,4018,,,,,,,,,,,,
NewYorkCity_20210622_DEMCouncilMember47thCouncilDistrict,Steven D. Patzer,2021,False,3,,3.0,2676,2682,3194,,,,,,,,,,,,
NewYorkCity_20210622_DEMCouncilMember47thCouncilDistrict,Joseph Packer,2021,False,3,,2.0,1069,1071,,,,,,,,,,,,,
NewYorkCity_20210622_DEMCouncilMember47thCouncilDistrict,Alec Brook-Krasny,2021,False,3,,2.0,752,759,,,,,,,,,,,,,
NewYorkCity_20210622_DEMCouncilMember47thCouncilDistrict,Write-ins,2021,False,3,,1.0,39,,,,,,,,,,,,,,
NewYorkCity_20210622_DEMCouncilMember47thCouncilDistrict,Inactive ballots,2021,False,3,,,0,19,817,,,,,,,,,,,,
NewYorkCity_20210622_REPBoroughPresidentRichmond,Vito Fossella,2021,True,3,3.0,,8583,8603,9459,,,,,,,,,,,,
NewYorkCity_20210622_REPBoroughPresidentRichmond,Steven Matteo,2021,False,3,,3.0,7885,7923,9018,,,,,,,,,,,,
NewYorkCity_20210622_REPBoroughPresidentRichmond,Leticia M. Remauro,2021,False,3,,2.0,2476,2487,,,,,,,,,,,,,
NewYorkCity_20210622_REPBoroughPresidentRichmond,Jhong U. Kim,2021,False,3,,2.0,549,556,,,,,,,,,,,,,
NewYorkCity_20210622_REPBoroughPresidentRichmond,Write-ins,2021,False,3,,1.0,151,,,,,,,,,,,,,,
NewYorkCity_20210622_REPBoroughPresidentRichmond,Inactive ballots,2021,False,3,,,0,75,1167,,,,,,,,,,,,
NewYorkCity_20210622_REPCouncilMember15thCouncilDistrict,Ariel Rivera-Diaz,2021,True,2,2.0,,78,80,,,,,,,,,,,,,
NewYorkCity_20210622_REPCouncilMember15thCouncilDistrict,Aramis Ocasio,2021,False,2,,2.0,66,69,,,,,,,,,,,,,
NewYorkCity_20210622_REPCouncilMember15thCouncilDistrict,Write-ins,2021,False,2,,1.0,15,,,,,,,,,,,,,,
NewYorkCity_20210622_REPCouncilMember15thCouncilDistrict,Inactive ballots,2021,False,2,,,0,10,,,,,,,,,,,,,
NewYorkCity_20210622_CONCouncilMember19thCouncilDistrict,John-Alexander Sakelos,2021,True,1,1.0,,107,,,,,,,,,,,,,,
NewYorkCity_20210622_CONCouncilMember19thCouncilDistrict,Dawn A. Anatra,2021,False,1,,1.0,10,,,,,,,,,,,,,,
NewYorkCity_20210622_CONCouncilMember19thCouncilDistrict,Write-ins,2021,False,1,,1.0,4,,,,,,,,,,,,,,
NewYorkCity_20210622_CONCouncilMember19thCouncilDistrict,Inactive ballots,2021,False,1,,,0,,,,,,,,,,,,,,
NewYorkCity_20210622_DEMCouncilMember13thCouncilDistrict,Marjorie Velazquez,2021,True,1,1.0,,5608,,,,,,,,,,,,,,
NewYorkCity_20210622_DEMCouncilMember13thCouncilDistrict,Monique S. Johnson,2021,False,1,,1.0,2575,,,,,,,,,,,,,,
NewYorkCity_20210622_DEMCouncilMember13thCouncilDistrict,Irene Estrada,2021,False,1,,1.0,600,,,,,,,,,,,,,,
NewYorkCity_20210622_DEMCouncilMember13thCouncilDistrict,Marilyn Soto,2021,False,1,,1.0,585,,,,,,,,,,,,,,
NewYorkCity_20210622_DEMCouncilMember13thCouncilDistrict,John Perez,2021,False,1,,1.0,545,,,,,,,,,,,,,,
NewYorkCity_20210622_DEMCouncilMember13thCouncilDistrict,Write-ins,2021,False,1,,1.0,47,,,,,,,,,,,,,,
NewYorkCity_20210622_DEMCouncilMember13thCouncilDistrict,Inactive ballots,2021,False,1,,,0,,,,,,,,,,,,,,
NewYorkCity_20210622_DEMCouncilMember16thCouncilDistrict,Althea V. Stevens,2021,True,1,1.0,,5125,,,,,,,,,,,,,,
NewYorkCity_20210622_DEMCouncilMember16thCouncilDistrict,Ahmadou T. Diallo,2021,False,1,,1.0,2075,,,,,,,,,,,,,,
NewYorkCity_20210622_DEMCouncilMember16thCouncilDistrict,Abdourahamane Diallo,2021,False,1,,1.0,2046,,,,,,,,,,,,,,
NewYorkCity_20210622_DEMCouncilMember16thCouncilDistrict,Yves T. Filius,2021,False,1,,1.0,795,,,,,,,,,,,,,,
NewYorkCity_20210622_DEMCouncilMember16thCouncilDistrict,Write-ins,2021,False,1,,1.0,71,,,,,,,,,,,,,,
NewYorkCity_20210622_DEMCouncilMember16thCouncilDistrict,Inactive ballots,2021,False,1,,,0,,,,,,,,,,,,,,
NewYorkCity_20210622_DEMCouncilMember17thCouncilDistrict,Rafael Salamanca Jr.,2021,True,1,1.0,,5428,,,,,,,,,,,,,,
NewYorkCity_20210622_DEMCouncilMember17thCouncilDistrict,Helen Hines,2021,False,1,,1.0,3539,,,,,,,,,,,,,,
NewYorkCity_20210622_DEMCouncilMember17thCouncilDistrict,Write-ins,2021,False,1,,1.0,82,,,,,,,,,,,,,,
NewYorkCity_20210622_DEMCouncilMember17thCouncilDistrict,Inactive ballots,2021,False,1,,,0,,,,,,,,,,,,,,
NewYorkCity_20210622_DEMCouncilMember21stCouncilDistrict,Francisco P. Moya,2021,True,1,1.0,,3533,,,,,,,,,,,,,,
NewYorkCity_20210622_DEMCouncilMember21stCouncilDistrict,Ingrid P. Gomez,2021,False,1,,1.0,1248,,,,,,,,,,,,,,
NewYorkCity_20210622_DEMCouncilMember21stCouncilDistrict,David Aiken,2021,False,1,,1.0,1115,,,,,,,,,,,,,,
NewYorkCity_20210622_DEMCouncilMember21stCouncilDistrict,George Onuorah,2021,False,1,,1.0,481,,,,,,,,,,,,,,
NewYorkCity_20210622_DEMCouncilMember21stCouncilDistrict,Talea E. Wufka,2021,False,1,,1.0,438,,,,,,,,,,,,,,
NewYorkCity_20210622_DEMCouncilMember21stCouncilDistrict,Write-ins,2021,False,1,,1.0,34,,,,,,,,,,,,,,
NewYorkCity_20210622_DEMCouncilMember21stCouncilDistrict,Inactive ballots,2021,False,1,,,0,,,,,,,,,,,,,,
NewYorkCity_20210622_DEMCouncilMember24thCouncilDistrict,James F. Gennaro,2021,True,1,1.0,,8062,,,,,,,,,,,,,,
NewYorkCity_20210622_DEMCouncilMember24thCouncilDistrict,Moumita Ahmed,2021,False,1,,1.0,3020,,,,,,,,,,,,,,
NewYorkCity_20210622_DEMCouncilMember24thCouncilDistrict,Saifur R. Khan,2021,False,1,,1.0,1147,,,,,,,,,,,,,,
NewYorkCity_20210622_DEMCouncilMember24thCouncilDistrict,Mohammed Uddin,2021,False,1,,1.0,1123,,,,,,,,,,,,,,
NewYorkCity_20210622_DEMCouncilMember24thCouncilDistrict,Write-ins,2021,False,1,,1.0,56,,,,,,,,,,,,,,
NewYorkCity_20210622_DEMCouncilMember24thCouncilDistrict,Inactive ballots,2021,False,1,,,0,,,,,,,,,,,,,,
NewYorkCity_20210622_DEMCouncilMember28thCouncilDistrict,Adrienne E. Adams,2021,True,1,1.0,,7490,,,,,,,,,,,,,,
NewYorkCity_20210622_DEMCouncilMember28thCouncilDistrict,Japneet Singh,2021,False,1,,1.0,3379,,,,,,,,,,,,,,
NewYorkCity_20210622_DEMCouncilMember28thCouncilDistrict,Ruben Wills,2021,False,1,,1.0,3105,,,,,,,,,,,,,,
NewYorkCity_20210622_DEMCouncilMember28thCouncilDistrict,Write-ins,2021,False,1,,1.0,61,,,,,,,,,,,,,,
NewYorkCity_20210622_DEMCouncilMember28thCouncilDistrict,Inactive ballots,2021,False,1,,,0,,,,,,,,,,,,,,
NewYorkCity_20210622_DEMCouncilMember2ndCouncilDistrict,Carlina Rivera,2021,True,1,1.0,,15464,,,,,,,,,,,,,,
NewYorkCity_20210622_DEMCouncilMember2ndCouncilDistrict,Erin Hussein,2021,False,1,,1.0,5709,,,,,,,,,,,,,,
NewYorkCity_20210622_DEMCouncilMember2ndCouncilDistrict,Write-ins,2021,False,1,,1.0,169,,,,,,,,,,,,,,
NewYorkCity_20210622_DEMCouncilMember2ndCouncilDistrict,Inactive ballots,2021,False,1,,,0,,,,,,,,,,,,,,
NewYorkCity_20210622_DEMCouncilMember30thCouncilDistrict,Robert F. Holden,2021,True,1,1.0,,5250,,,,,,,,,,,,,,
NewYorkCity_20210622_DEMCouncilMember30thCouncilDistrict,Juan D. Ardila,2021,False,1,,1.0,4324,,,,,,,,,,,,,,
NewYorkCity_20210622_DEMCouncilMember30thCouncilDistrict,Write-ins,2021,False,1,,1.0,38,,,,,,,,,,,,,,
NewYorkCity_20210622_DEMCouncilMember30thCouncilDistrict,Inactive ballots,2021,False,1,,,0,,,,,,,,,,,,,,
NewYorkCity_20210622_DEMCouncilMember31stCouncilDistrict,Selvena Brooks-Powers,2021,True,1,1.0,,10807,,,,,,,,,,,,,,
NewYorkCity_20210622_DEMCouncilMember31stCouncilDistrict,Nancy J. Martinez,2021,False,1,,1.0,3049,,,,,,,,,,,,,,
NewYorkCity_20210622_DEMCouncilMember31stCouncilDistrict,Nicole S. Lee,2021,False,1,,1.0,2039,,,,,,,,,,,,,,
NewYorkCity_20210622_DEMCouncilMember31stCouncilDistrict,Write-ins,2021,False,1,,1.0,136,,,,,,,,,,,,,,
NewYorkCity_20210622_DEMCouncilMember31stCouncilDistrict,Inactive ballots,2021,False,1,,,0,,,,,,,,,,,,,,
NewYorkCity_20210622_DEMCouncilMember34thCouncilDistrict,Jennifer Gutierrez,2021,True,1,1.0,,13065,,,,,,,,,,,,,,
NewYorkCity_20210622_DEMCouncilMember34thCouncilDistrict,Scott Murphy,2021,False,1,,1.0,1406,,,,,,,,,,,,,,
NewYorkCity_20210622_DEMCouncilMember34thCouncilDistrict,Andy J. Marte,2021,False,1,,1.0,1263,,,,,,,,,,,,,,
NewYorkCity_20210622_DEMCouncilMember34thCouncilDistrict,Lutchi Gayot,2021,False,1,,1.0,630,,,,,,,,,,,,,,
NewYorkCity_20210622_DEMCouncilMember34thCouncilDistrict,Write-ins,2021,False,1,,1.0,74,,,,,,,,,,,,,,
NewYorkCity_20210622_DEMCouncilMember34thCouncilDistrict,Inactive ballots,2021,False,1,,,0,,,,,,,,,,,,,,
NewYorkCity_20210622_DEMCouncilMember41stCouncilDistrict,Darlene Mealy,2021,True,1,1.0,,8849,,,,,,,,,,,,,,
NewYorkCity_20210622_DEMCouncilMember41stCouncilDistrict,Alicka Tani Ampry-Samuel,2021,False,1,,1.0,6507,,,,,,,,,,,,,,
NewYorkCity_20210622_DEMCouncilMember41stCouncilDistrict,Write-ins,2021,False,1,,1.0,91,,,,,,,,,,,,,,
NewYorkCity_20210622_DEMCouncilMember41stCouncilDistrict,Inactive ballots,2021,False,1,,,0,,,,,,,,,,,,,,
NewYorkCity_20210622_DEMCouncilMember45thCouncilDistrict,Farah N. Louis,2021,True,1,1.0,,14544,,,,,,,,,,,,,,
NewYorkCity_20210622_DEMCouncilMember45thCouncilDistrict,Anthony Beckford,2021,False,1,,1.0,3819,,,,,,,,,,,,,,
NewYorkCity_20210622_DEMCouncilMember45thCouncilDistrict,Cyril F. Joseph,2021,False,1,,1.0,818,,,,,,,,,,,,,,
NewYorkCity_20210622_DEMCouncilMember45thCouncilDistrict,Write-ins,2021,False,1,,1.0,116,,,,,,,,,,,,,,
NewYorkCity_20210622_DEMCouncilMember45thCouncilDistrict,Inactive ballots,2021,False,1,,,0,,,,,,,,,,,,,,
NewYorkCity_20210622_DEMCouncilMember6thCouncilDistrict,Gale A. Brewer,2021,True,1,1.0,,21594,,,,,,,,,,,,,,
NewYorkCity_20210622_DEMCouncilMember6thCouncilDistrict,Maria Danzilo,2021,False,1,,1.0,5834,,,,,,,,,,,,,,
NewYorkCity_20210622_DEMCouncilMember6thCouncilDistrict,Sara Lind,2021,False,1,,1.0,5166,,,,,,,,,,,,,,
NewYorkCity_20210622_DEMCouncilMember6thCouncilDistrict,Jeffrey Omura,2021,False,1,,1.0,3922,,,,,,,,,,,,,,
NewYorkCity_20210622_DEMCouncilMember6thCouncilDistrict,David Gold,2021,False,1,,1.0,1867,,,,,,,,,,,,,,
NewYorkCity_20210622_DEMCouncilMember6thCouncilDistrict,Zachary Tov Weiner,2021,False,1,,1.0,959,,,,,,,,,,,,,,
NewYorkCity_20210622_DEMCouncilMember6thCouncilDistrict,Write-ins,2021,False,1,,1.0,57,,,,,,,,,,,,,,
NewYorkCity_20210622_DEMCouncilMember6thCouncilDistrict,Inactive ballots,2021,False,1,,,0,,,,,,,,,,,,,,
NewYorkCity_20210622_DEMCouncilMember8thCouncilDistrict,Diana I. Ayala,2021,True,1,1.0,,6621,,,,,,,,,,,,,,
NewYorkCity_20210622_DEMCouncilMember8thCouncilDistrict,Tamika Mapp,2021,False,1,,1.0,3391,,,,,,,,,,,,,,
NewYorkCity_20210622_DEMCouncilMember8thCouncilDistrict,Antoinette D. Glover,2021,False,1,,1.0,1077,,,,,,,,,,,,,,
NewYorkCity_20210622_DEMCouncilMember8thCouncilDistrict,Manuel Onativia,2021,False,1,,1.0,512,,,,,,,,,,,,,,
NewYorkCity_20210622_DEMCouncilMember8thCouncilDistrict,Write-ins,2021,False,1,,1.0,121,,,,,,,,,,,,,,
NewYorkCity_20210622_DEMCouncilMember8thCouncilDistrict,Inactive ballots,2021,False,1,,,0,,,,,,,,,,,,,,
NewYorkCity_20210622_DEMPublicAdvocateCitywide,Jumaane D. Williams,2021,True,1,1.0,,572762,,,,,,,,,,,,,,
NewYorkCity_20210622_DEMPublicAdvocateCitywide,Anthony L. Herbert,2021,False,1,,1.0,173858,,,,,,,,,,,,,,
NewYorkCity_20210622_DEMPublicAdvocateCitywide,Theo Bruce Chino Tavarez,2021,False,1,,1.0,64053,,,,,,,,,,,,,,
NewYorkCity_20210622_DEMPublicAdvocateCitywide,Write-ins,2021,False,1,,1.0,8049,,,,,,,,,,,,,,
NewYorkCity_20210622_DEMPublicAdvocateCitywide,Inactive ballots,2021,False,1,,,0,,,,,,,,,,,,,,
NewYorkCity_20210622_REPCouncilMember19thCouncilDistrict,Vickie Paladino,2021,True,1,1.0,,1765,,,,,,,,,,,,,,
NewYorkCity_20210622_REPCouncilMember19thCouncilDistrict,John-Alexander Sakelos,2021,False,1,,1.0,1608,,,,,,,,,,,,,,
NewYorkCity_20210622_REPCouncilMember19thCouncilDistrict,Write-ins,2021,False,1,,1.0,47,,,,,,,,,,,,,,
NewYorkCity_20210622_REPCouncilMember19thCouncilDistrict,Inactive ballots,2021,False,1,,,0,,,,,,,,,,,,,,
NewYorkCity_20210622_REPCouncilMember23rdCouncilDistrict,James F. Reilly,2021,True,1,1.0,,1040,,,,,,,,,,,,,,
NewYorkCity_20210622_REPCouncilMember23rdCouncilDistrict,Alex Amoroso,2021,False,1,,1.0,461,,,,,,,,,,,,,,
NewYorkCity_20210622_REPCouncilMember23rdCouncilDistrict,Write-ins,2021,False,1,,1.0,63,,,,,,,,,,,,,,
NewYorkCity_20210622_REPCouncilMember23rdCouncilDistrict,Inactive ballots,2021,False,1,,,0,,,,,,,,,,,,,,
NewYorkCity_20210622_REPCouncilMember24thCouncilDistrict,Timothy Rosen,2021,True,1,1.0,,478,,,,,,,,,,,,,,
NewYorkCity_20210622_REPCouncilMember24thCouncilDistrict,Angelo King,2021,False,1,,1.0,292,,,,,,,,,,,,,,
NewYorkCity_20210622_REPCouncilMember24thCouncilDistrict,Write-ins,2021,False,1,,1.0,37,,,,,,,,,,,,,,
NewYorkCity_20210622_REPCouncilMember24thCouncilDistrict,Inactive ballots,2021,False,1,,,0,,,,,,,,,,,,,,
NewYorkCity_20210622_REPCouncilMember32ndCouncilDistrict,Joann Ariola,2021,True,1,1.0,,2378,,,,,,,,,,,,,,
NewYorkCity_20210622_REPCouncilMember32ndCouncilDistrict,Stephen A. Sirgiovanni,2021,False,1,,1.0,494,,,,,,,,,,,,,,
NewYorkCity_20210622_REPCouncilMember32ndCouncilDistrict,Write-ins,2021,False,1,,1.0,28,,,,,,,,,,,,,,
NewYorkCity_20210622_REPCouncilMember32ndCouncilDistrict,Inactive ballots,2021,False,1,,,0,,,,,,,,,,,,,,
NewYorkCity_20210622_REPMayorCitywide,Curtis A. Sliwa,2021,True,1,1.0,,40794,,,,,,,,,,,,,,
NewYorkCity_20210622_REPMayorCitywide,Fernando Mateo,2021,False,1,,1.0,16719,,,,,,,,,,,,,,
NewYorkCity_20210622_REPMayorCitywide,Write-ins,2021,False,1,,1.0,2536,,,,,,,,,,,,,,
NewYorkCity_20210622_REPMayorCitywide,Inactive ballots,2021,False,1,,,0,,,,,,,,,,,,,,
